group_id,original_audio,genre,split,fma_track_id,real_duration_sec,tta_track_count,tta_generators
grp_0081a4c2e017,Kumorizoranohajimarutokoro - Hosomi,Electronic,train,24921,29.988571,5,acestep|audioldm|diffrhythm|musicgen|songgen
grp_074f788a1c4f,Set Fire to Creation - Nihilore,Electronic,train,140925,30.014694,5,acestep|audioldm|diffrhythm|musicgen|songgen
grp_0e5ff00e3738,Robot Heart - Mystery Mammal,Electronic,train,143055,30.014694,16,acestep|audioldm|brev|diffrhythm|elevenlabs|mubert|musicgen|producer|songgen|stableaudio|suno|udio
grp_13291cc4aaee,Ancient Whispers I - P C III,Electronic,train,111821,30.014694,5,acestep|audioldm|diffrhythm|musicgen|songgen
grp_1434c31dd9b8,shmoove - epsilon not,Electronic,train,114545,30.0,5,acestep|audioldm|diffrhythm|musicgen|songgen
grp_14d25ab96ffa,Promo Mix Vocal Edit (Luv Dub Mix) - Pierlo,Electronic,train,64331,29.988571,5,acestep|audioldm|diffrhythm|musicgen|songgen
grp_16df96daa2a2,Running Free - Michett featuring Kalipluche,Electronic,train,131965,29.988571,16,acestep|audioldm|brev|diffrhythm|elevenlabs|mubert|musicgen|producer|songgen|stableaudio|suno|udio
grp_1bdb692df233,All of Us - Eric Skiff,Electronic,train,47071,29.988571,16,acestep|audioldm|brev|diffrhythm|elevenlabs|mubert|musicgen|producer|songgen|stableaudio|suno|udio
grp_1c6052c34949,Key trick - Krisa,Electronic,train,23573,29.988571,5,acestep|audioldm|diffrhythm|musicgen|songgen
grp_1e3dbee832e3,Morning Bell - Nihilore,Electronic,train,140922,29.988571,5,acestep|audioldm|diffrhythm|musicgen|songgen
grp_264fd82366c9,Daylight Savings - My brother Daniel,Electronic,train,117280,30.014694,14,acestep|audioldm|diffrhythm|elevenlabs|mubert|musicgen|producer|songgen|stableaudio|suno|udio
grp_281dead83a55,Four and a Half Tatami - Nihilore,Electronic,train,132442,30.014694,5,acestep|audioldm|diffrhythm|musicgen|songgen
grp_2a58ca485854,Strongbreeze - Rowan Box,Electronic,train,148804,29.988571,5,acestep|audioldm|diffrhythm|musicgen|songgen
grp_2bc5eed6f0aa,Straw Fields - Rolemusic,Electronic,train,45101,29.988571,16,acestep|audioldm|brev|diffrhythm|elevenlabs|mubert|musicgen|producer|songgen|stableaudio|suno|udio
grp_318118d0e097,The Courtyard - Uncle Bibby,Electronic,train,71821,29.988571,16,acestep|audioldm|brev|diffrhythm|elevenlabs|mubert|musicgen|producer|songgen|stableaudio|suno|udio
grp_3e1a14d88ee8,2Much (Andy Spinelli & Alex Sánchez House Edit) - Tentacles,Electronic,train,114244,29.988571,5,acestep|audioldm|diffrhythm|musicgen|songgen
grp_423d0086d02d,Nuo Maisemat - Paavoharju,Electronic,train,31561,30.014694,15,acestep|audioldm|brev|diffrhythm|elevenlabs|mubert|musicgen|producer|songgen|suno|udio
grp_472a7e359c72,If You're Ther - Nicola Ratti,Electronic,train,24925,29.988571,5,acestep|audioldm|diffrhythm|musicgen|songgen
grp_504e8890ecd7,Okiirobo Navigation System - Henry Homesweet,Electronic,train,22457,30.014694,16,acestep|audioldm|brev|diffrhythm|elevenlabs|mubert|musicgen|producer|songgen|stableaudio|suno|udio
grp_5206fec107e9,I Know His Blood - Vienna Ditto,Electronic,train,107616,29.988571,5,acestep|audioldm|diffrhythm|musicgen|songgen
grp_53f5c92d1bc3,Dance Harder - Three Chain Links,Electronic,train,123920,29.988571,16,acestep|audioldm|brev|diffrhythm|elevenlabs|mubert|musicgen|producer|songgen|stableaudio|suno|udio
grp_540d753638f9,Timen Passing By - Jason Shaw,Electronic,train,52650,30.014694,5,acestep|audioldm|diffrhythm|musicgen|songgen
grp_57f3470fecb5,Ohtli - Seclorance,Electronic,train,140344,30.014694,16,acestep|audioldm|brev|diffrhythm|elevenlabs|mubert|musicgen|producer|songgen|stableaudio|suno|udio
grp_590d878ad9e3,TTL - Twin Heads,Electronic,train,143129,29.988571,5,acestep|audioldm|diffrhythm|musicgen|songgen
grp_5a5d842263bb,"Go On, Then - Jim Rooster",Electronic,train,121722,29.988571,16,acestep|audioldm|brev|diffrhythm|elevenlabs|mubert|musicgen|producer|songgen|stableaudio|suno|udio
grp_5c8276b9cfe7,Endless - The Birth and Death of Silence,Electronic,train,150311,30.014694,16,acestep|audioldm|brev|diffrhythm|elevenlabs|mubert|musicgen|producer|songgen|stableaudio|suno|udio
grp_614208a73a94,The Front Yard - HarleyLikesMusic,Electronic,train,71801,30.014694,16,acestep|audioldm|brev|diffrhythm|elevenlabs|mubert|musicgen|producer|songgen|stableaudio|suno|udio
grp_62251f97a9ad,The Adventures Of Roderick Random - Maps And Diagrams,Electronic,train,33625,30.014694,5,acestep|audioldm|diffrhythm|musicgen|songgen
grp_63344be71894,Coliidae - K.D. Expression,Electronic,train,33636,30.014694,15,acestep|audioldm|brev|diffrhythm|elevenlabs|mubert|musicgen|producer|songgen|suno|udio
grp_6e02f4441f54,Little Fingers - Vienna Ditto,Electronic,train,107483,30.014694,5,acestep|audioldm|diffrhythm|musicgen|songgen
grp_6e7aeb1338df,Ad Astra - P C III,Electronic,train,111819,29.988571,16,acestep|audioldm|brev|diffrhythm|elevenlabs|mubert|musicgen|producer|songgen|stableaudio|suno|udio
grp_74dde07b05a5,OST 04 Ship under attack - sawsquarenoise,Electronic,train,115814,29.988571,16,acestep|audioldm|brev|diffrhythm|elevenlabs|mubert|musicgen|producer|songgen|stableaudio|suno|udio
grp_79709b7344da,Paris - Fleslit,Electronic,train,145803,29.988571,15,acestep|audioldm|brev|diffrhythm|elevenlabs|mubert|musicgen|producer|songgen|suno|udio
grp_7c796bdae85f,Ponky McFonky - My brother Daniel,Electronic,train,117288,29.988571,16,acestep|audioldm|brev|diffrhythm|elevenlabs|mubert|musicgen|producer|songgen|stableaudio|suno|udio
grp_7fd8eba17ca1,Dance of the Martians (SynthStep Edit) - Maxim Kornyshev,Electronic,train,136338,29.988571,5,acestep|audioldm|diffrhythm|musicgen|songgen
grp_80c8571b0c67,some dextromethorphan - Jeva,Electronic,train,12121,29.988571,5,acestep|audioldm|diffrhythm|musicgen|songgen
grp_839490d78d78,La Nina Blanca - Vienna Ditto,Electronic,train,107617,30.014694,5,acestep|audioldm|diffrhythm|musicgen|songgen
grp_84ae3f208f2a,Edge - Mystery Mammal,Electronic,train,143051,30.014694,15,acestep|audioldm|brev|diffrhythm|elevenlabs|mubert|musicgen|producer|songgen|suno|udio
grp_84bf4bfe430a,Killing Bosses - Gumbel,Electronic,train,116881,29.988571,5,acestep|audioldm|diffrhythm|musicgen|songgen
grp_88741aa1af67,Artificial anxiety - Michett,Electronic,train,130129,29.988571,5,acestep|audioldm|diffrhythm|musicgen|songgen
grp_8a917472a51c,Jangus (inspired by ToeJam and Earl) - UncleBibby,Electronic,train,107435,30.014694,16,acestep|audioldm|brev|diffrhythm|elevenlabs|mubert|musicgen|producer|songgen|stableaudio|suno|udio
grp_8c628e56d0f5,SD (Ill Mix) - H-LR,Electronic,train,145918,30.014694,15,acestep|audioldm|brev|diffrhythm|elevenlabs|mubert|musicgen|producer|songgen|suno|udio
grp_8d32e1c1a2ee,The Secret Garden - Barbarix,Electronic,train,141617,30.014694,5,acestep|audioldm|diffrhythm|musicgen|songgen
grp_90a5801c742f,Realize Me - Jim Rooster,Electronic,train,121726,29.988571,16,acestep|audioldm|brev|diffrhythm|elevenlabs|mubert|musicgen|producer|songgen|stableaudio|suno|udio
grp_93782e521a8f,Fifth Ramble - From the album Keith [RSVP007] - My brother Daniel,Electronic,train,60834,30.014694,5,acestep|audioldm|diffrhythm|musicgen|songgen
grp_969c3da0490c,Cold Chains - Rolemusic,Electronic,train,114004,30.014694,16,acestep|audioldm|brev|diffrhythm|elevenlabs|mubert|musicgen|producer|songgen|stableaudio|suno|udio
grp_9873aa9b3a17,Scape from the city - Rolemusic,Electronic,train,91622,29.988571,5,acestep|audioldm|diffrhythm|musicgen|songgen
grp_98d427ae2366,Let You're Body Move - D SMILEZ,Electronic,train,136017,30.014694,5,acestep|audioldm|diffrhythm|musicgen|songgen
grp_a0926d78221e,3 am West End - statusq,Electronic,train,112378,29.988571,5,acestep|audioldm|diffrhythm|musicgen|songgen
grp_a7e93edd4ee6,Fleslit - Fleslit,Electronic,train,145801,29.988571,6,acestep|audioldm|diffrhythm|musicgen|songgen|stableaudio
grp_a91bd1ab9a27,Night Drive - Decktonic,Electronic,train,72075,29.988571,16,acestep|audioldm|brev|diffrhythm|elevenlabs|mubert|musicgen|producer|songgen|stableaudio|suno|udio
grp_a9501a345d73,Understand That This Is A Dream - From the album Modulating Coil [RSVP008] - Forrest James,Electronic,train,60833,30.014694,5,acestep|audioldm|diffrhythm|musicgen|songgen
grp_ae6233c81768,Support Me in This Moment That I'm About To Lose Heart - Nihilore,Electronic,train,132439,30.014694,5,acestep|audioldm|diffrhythm|musicgen|songgen
grp_b0bcafed0196,The Factory - Multifaros,Electronic,train,15769,29.988571,5,acestep|audioldm|diffrhythm|musicgen|songgen
grp_b7d143675c45,Lost In The Music (D-Smilez Mix) - D SMILEZ,Electronic,train,136016,29.988571,4,acestep|diffrhythm|musicgen|songgen
grp_bbb968e95216,Night Owl - Broke For Free,Electronic,train,42377,29.988571,16,acestep|audioldm|brev|diffrhythm|elevenlabs|mubert|musicgen|producer|songgen|stableaudio|suno|udio
grp_c12b2b6f50d0,"November 25, 2007 - Kenneth Kirschner",Electronic,train,24922,29.988571,12,acestep|audioldm|brev|diffrhythm|musicgen|songgen|suno|udio
grp_c5930775cdce,Tapes - Gumbel,Electronic,train,116878,30.014694,15,acestep|audioldm|brev|diffrhythm|elevenlabs|mubert|musicgen|producer|songgen|suno|udio
grp_c5f667ebcdb4,Let's Start Out Slow - RoccoW,Electronic,train,58483,30.014694,5,acestep|audioldm|diffrhythm|musicgen|songgen
grp_c6cf0e718cbd,Chipho instrumental - RoccoW,Electronic,train,74900,29.988571,1,musicgen
grp_c72d863ee3e9,Clay Heart - Nihilore,Electronic,train,145816,30.014694,16,acestep|audioldm|brev|diffrhythm|elevenlabs|mubert|musicgen|producer|songgen|stableaudio|suno|udio
grp_cbb064e8ce11,CopperNickle - UncleBibby,Electronic,train,107429,29.988571,16,acestep|audioldm|brev|diffrhythm|elevenlabs|mubert|musicgen|producer|songgen|stableaudio|suno|udio
grp_cc49a8e2fde0,Fuckaboing - RoccoW,Electronic,train,106336,30.014694,16,acestep|audioldm|brev|diffrhythm|elevenlabs|mubert|musicgen|producer|songgen|stableaudio|suno|udio
grp_cc8dfab23b2a,And Over The Rainbows - milky-chu,Electronic,train,144723,29.988571,5,acestep|audioldm|diffrhythm|musicgen|songgen
grp_cd36a54031ad,It Can't Be Bargained With - Three Chain Links,Electronic,train,123918,30.014694,5,acestep|audioldm|diffrhythm|musicgen|songgen
grp_cde1233356af,Westside Chillers - Little Glass Men,Electronic,train,118921,30.014694,5,acestep|audioldm|diffrhythm|musicgen|songgen
grp_d1847d8351c2,Authenticity - Nihilore,Electronic,train,140924,29.988571,5,acestep|audioldm|diffrhythm|musicgen|songgen
grp_d2e20cee6973,"Aquamarine, My Distant Blue - Nihilore",Electronic,train,134150,29.988571,16,acestep|audioldm|brev|diffrhythm|elevenlabs|mubert|musicgen|producer|songgen|stableaudio|suno|udio
grp_d5ac54421587,The Big House - Jason Shaw,Electronic,train,52649,29.988571,16,acestep|audioldm|brev|diffrhythm|elevenlabs|mubert|musicgen|producer|songgen|stableaudio|suno|udio
grp_d5c209bfe128,Flashback - Seclorance,Electronic,train,140324,30.014694,15,acestep|audioldm|brev|diffrhythm|elevenlabs|mubert|musicgen|producer|songgen|suno|udio
grp_e027bcdebb5e,Noam Chomsky's Corporate Carbohydrate Surprise - Quelle Fromage,Electronic,train,71512,29.988571,16,acestep|audioldm|brev|diffrhythm|elevenlabs|mubert|musicgen|producer|songgen|stableaudio|suno|udio
grp_e4dabbdaa095,Dr Deimos-Scribble - Mizuki's Last Chance/Dr Deimos,Electronic,train,74363,29.988571,5,acestep|audioldm|diffrhythm|musicgen|songgen
grp_e8733d9764e8,Vanishing Horizon - Jason Shaw,Electronic,train,52628,29.988571,16,acestep|audioldm|brev|diffrhythm|elevenlabs|mubert|musicgen|producer|songgen|stableaudio|suno|udio
grp_eec2e26a9114,Introduction beats - Itsensäsyöjät,Electronic,train,154920,30.014694,16,acestep|audioldm|brev|diffrhythm|elevenlabs|mubert|musicgen|producer|songgen|stableaudio|suno|udio
grp_f0aead73eab4,Laika - NGC 1365,Electronic,train,33629,30.014694,5,acestep|audioldm|diffrhythm|musicgen|songgen
grp_f5ea504d99e6,When Will We Ever Learn - Ontayso,Electronic,train,33595,29.988571,5,acestep|audioldm|diffrhythm|musicgen|songgen
grp_f80d552beb29,Hammer and a Nail - Vienna Ditto,Electronic,train,147303,29.988571,16,acestep|audioldm|brev|diffrhythm|elevenlabs|mubert|musicgen|producer|songgen|stableaudio|suno|udio
grp_f93000a31866,Time Up - ENDRUDARK,Electronic,train,89816,29.988571,5,acestep|audioldm|diffrhythm|musicgen|songgen
grp_f9a9a173c9cf,The Stairway - WarpToken,Electronic,train,71807,29.988571,5,acestep|audioldm|diffrhythm|musicgen|songgen
grp_fca09f476c60,Improvisation - Broken Chord,Electronic,train,33630,29.988571,16,acestep|audioldm|brev|diffrhythm|elevenlabs|mubert|musicgen|producer|songgen|stableaudio|suno|udio
grp_fd392beba45a,OOOTHERSIDE - This Time - Mike B. Fort,Electronic,train,142081,29.988571,16,acestep|audioldm|brev|diffrhythm|elevenlabs|mubert|musicgen|producer|songgen|stableaudio|suno|udio
grp_ff19f6df8f47,Unexpected Little Happenings - UltraCat,Electronic,train,39607,29.988571,5,acestep|audioldm|diffrhythm|musicgen|songgen
grp_0c2563afd624,"Lovedreams - Oh Yeah, the Future",Pop,train,127298,30.014694,15,acestep|audioldm|brev|diffrhythm|elevenlabs|mubert|musicgen|producer|songgen|suno|udio
grp_0cdf70d32463,Nature Is Over / Defined - Bird Names,Pop,train,6792,29.988571,17,acestep|audioldm|brev|diffrhythm|elevenlabs|mubert|musicgen|producer|songgen|stableaudio|suno|udio
grp_1a830d24d8f0,Motocross Mania - Monroeville Music Center,Pop,train,91162,29.988571,16,acestep|audioldm|brev|diffrhythm|elevenlabs|mubert|musicgen|producer|songgen|stableaudio|suno|udio
grp_1cbb7d907133,"Autopsy - Oh Yeah, the Future",Pop,train,127294,29.988571,15,acestep|audioldm|brev|diffrhythm|elevenlabs|mubert|musicgen|producer|songgen|suno|udio
grp_20505b21ac6b,Slow and Steady - Caleb Lemond,Pop,train,135336,29.988571,6,acestep|audioldm|diffrhythm|musicgen|songgen|stableaudio
grp_2f3ccf12f8fb,Soleares&beats - Malaventura,Pop,train,113024,29.988571,16,acestep|audioldm|brev|diffrhythm|elevenlabs|mubert|musicgen|producer|songgen|stableaudio|suno|udio
grp_305167ebecda,"Lackadaisical - Oh Yeah, the Future",Pop,train,127300,29.988571,15,acestep|audioldm|brev|diffrhythm|elevenlabs|mubert|musicgen|producer|songgen|suno|udio
grp_3213e14e6006,Music For an Underground Circu - Ergo Phizmiz,Pop,train,22476,29.988571,17,acestep|audioldm|brev|diffrhythm|elevenlabs|mubert|musicgen|producer|songgen|stableaudio|suno|udio
grp_34668d39d149,Let's the kids play - Malaventura,Pop,train,113022,29.988571,7,acestep|audioldm|diffrhythm|musicgen|songgen|stableaudio
grp_378f42e52a2e,philcollins takes your hand - Katapulto,Pop,train,22001,30.014694,16,acestep|audioldm|brev|diffrhythm|elevenlabs|mubert|musicgen|producer|songgen|stableaudio|suno|udio
grp_3b2b644b0ff1,Agora - Malaventura,Pop,train,113019,30.014694,6,acestep|audioldm|diffrhythm|musicgen|songgen|stableaudio
grp_3d46b1e91487,Shadow Government - Bird Names,Pop,train,6790,29.988571,16,acestep|audioldm|brev|diffrhythm|elevenlabs|mubert|musicgen|producer|songgen|stableaudio|suno|udio
grp_3d6fedd8f794,"Hungry - Oh Yeah, the Future",Pop,train,127295,30.014694,15,acestep|audioldm|brev|diffrhythm|elevenlabs|mubert|musicgen|producer|songgen|suno|udio
grp_42eab385464d,New Life (take 1) - Bird Names,Pop,train,6789,30.014694,18,acestep|audioldm|brev|diffrhythm|elevenlabs|mubert|musicgen|producer|songgen|stableaudio|suno|udio
grp_4651e0f8964a,Outro - Caleb Lemond,Pop,train,135342,29.988571,6,acestep|audioldm|diffrhythm|musicgen|songgen|stableaudio
grp_46fcb1dc400b,The Cave of Time - Monroeville Music Center,Pop,train,91157,29.988571,15,acestep|brev|diffrhythm|elevenlabs|mubert|musicgen|producer|songgen|stableaudio|suno|udio
grp_62186634f569,kolorowe wody - Katapulto,Pop,train,22000,29.988571,16,acestep|audioldm|brev|diffrhythm|elevenlabs|mubert|musicgen|producer|songgen|stableaudio|suno|udio
grp_6642db44d941,gospellioza - Katapulto,Pop,train,21996,29.988571,15,acestep|audioldm|brev|diffrhythm|elevenlabs|mubert|musicgen|producer|songgen|suno|udio
grp_6ed860f024c5,karaoke megablast - Katapulto,Pop,train,21998,30.014694,6,acestep|audioldm|diffrhythm|musicgen|songgen|stableaudio
grp_743dda1591b7,Nostalgia - Malaventura,Pop,train,113017,29.988571,6,acestep|audioldm|diffrhythm|musicgen|songgen|stableaudio
grp_792be5cf3988,Yoko live at FoEG - Emma Acs,Pop,train,63082,30.014694,16,acestep|audioldm|brev|diffrhythm|elevenlabs|mubert|musicgen|producer|songgen|stableaudio|suno|udio
grp_7b5aebea59e3,You Are A Monster - Monroeville Music Center,Pop,train,91163,29.988571,16,acestep|audioldm|brev|diffrhythm|elevenlabs|mubert|musicgen|producer|songgen|stableaudio|suno|udio
grp_7bfe8b79e0d0,Breeze Funk - Malaventura,Pop,train,113025,30.014694,16,acestep|audioldm|brev|diffrhythm|elevenlabs|mubert|musicgen|producer|songgen|stableaudio|suno|udio
grp_81d51e7222a8,"New Brave Face - Oh Yeah, the Future",Pop,train,127301,29.988571,8,acestep|audioldm|diffrhythm|musicgen|songgen|stableaudio
grp_831e3fac51c4,"With the Summer - Oh Yeah, the Future",Pop,train,127299,30.014694,6,acestep|audioldm|diffrhythm|musicgen|songgen|stableaudio
grp_86bb6b40563f,purity & danger - Katapulto,Pop,train,21997,29.988571,19,acestep|audioldm|brev|diffrhythm|elevenlabs|mubert|musicgen|producer|songgen|stableaudio|suno|udio
grp_8888366784ee,Space is my pace - Malaventura,Pop,train,113026,29.988571,6,acestep|audioldm|diffrhythm|musicgen|songgen|stableaudio
grp_8f0b1d70242c,Mandrill - Ergo Phizmiz,Pop,train,22479,29.988571,16,acestep|audioldm|brev|diffrhythm|elevenlabs|mubert|musicgen|producer|songgen|stableaudio|suno|udio
grp_981ffe322186,The plot - Malaventura,Pop,train,113023,29.988571,16,acestep|audioldm|brev|diffrhythm|elevenlabs|mubert|musicgen|producer|songgen|stableaudio|suno|udio
grp_9cce54671575,Time Is Love - Silence is full of birds,Pop,train,97023,29.988571,16,acestep|audioldm|brev|diffrhythm|elevenlabs|mubert|musicgen|producer|songgen|stableaudio|suno|udio
grp_a2ff1c5b0151,Invaders From Within - Monroeville Music Center,Pop,train,91160,30.014694,16,acestep|audioldm|brev|diffrhythm|elevenlabs|mubert|musicgen|producer|songgen|stableaudio|suno|udio
grp_b2dde08c5453,Spanish BEEEYYAAACHHH - Malaventura,Pop,train,113016,29.988571,15,acestep|audioldm|brev|diffrhythm|elevenlabs|musicgen|producer|songgen|stableaudio|suno|udio
grp_bd7b6192b4bc,Celia - Ergo Phizmiz,Pop,train,22480,29.988571,16,acestep|audioldm|brev|diffrhythm|elevenlabs|mubert|musicgen|producer|songgen|stableaudio|suno|udio
grp_c3f5168751f8,The Coldest Winter - Caleb Lemond,Pop,train,135338,30.014694,16,acestep|audioldm|brev|diffrhythm|elevenlabs|mubert|musicgen|producer|songgen|stableaudio|suno|udio
grp_c55a23984f97,"Roundtrip - Oh Yeah, the Future",Pop,train,127302,29.988571,15,acestep|audioldm|brev|diffrhythm|elevenlabs|mubert|musicgen|producer|songgen|suno|udio
grp_c8c5de2ff941,Monkeystage - Ergo Phizmiz,Pop,train,22477,30.014694,16,acestep|audioldm|brev|diffrhythm|elevenlabs|mubert|musicgen|producer|songgen|stableaudio|suno|udio
grp_cfa2dd72f593,danse macabre - Katapulto,Pop,train,21999,29.988571,15,acestep|audioldm|brev|diffrhythm|elevenlabs|mubert|musicgen|producer|songgen|suno|udio
grp_da345b3cd04c,mc trabalenguas - Volumina,Pop,train,26231,29.988571,16,acestep|audioldm|brev|diffrhythm|elevenlabs|mubert|musicgen|producer|songgen|stableaudio|suno|udio
grp_da38e92041c3,zero rhythm dollar boy - Katapulto,Pop,train,21995,29.988571,16,acestep|audioldm|brev|diffrhythm|elevenlabs|mubert|musicgen|producer|songgen|stableaudio|suno|udio
grp_daa3a261f2bd,I Think From Now On - Caleb Lemond,Pop,train,135339,29.988571,16,acestep|audioldm|brev|diffrhythm|elevenlabs|mubert|musicgen|producer|songgen|stableaudio|suno|udio
grp_e364a5462755,The Race Forever - Monroeville Music Center,Pop,train,91159,30.014694,16,acestep|audioldm|brev|diffrhythm|elevenlabs|mubert|musicgen|producer|songgen|stableaudio|suno|udio
grp_e6b441b29d82,Different Day - First,Pop,train,13197,30.014694,15,acestep|audioldm|brev|diffrhythm|elevenlabs|mubert|musicgen|producer|songgen|suno|udio
grp_e7eca9bebb98,"The Pursuit of Unintentional Humor - Oh Yeah, the Future",Pop,train,127297,29.988571,6,acestep|audioldm|diffrhythm|musicgen|songgen|stableaudio
grp_edcb25707e5e,On My Mind - Ergo Phizmiz,Pop,train,22475,30.014694,16,acestep|audioldm|brev|diffrhythm|elevenlabs|mubert|musicgen|producer|songgen|stableaudio|suno|udio
grp_eef2d627e8a1,My Body Is A Weapon (Compromise Edit) - Silence is full of birds,Pop,train,68666,29.988571,7,acestep|audioldm|diffrhythm|musicgen|songgen|stableaudio
grp_f529cc9f68f8,Kissing Scars - Caleb Lemond,Pop,train,135340,30.014694,16,acestep|audioldm|brev|diffrhythm|elevenlabs|mubert|musicgen|producer|songgen|stableaudio|suno|udio
grp_fdd6b87346f6,She Works / Tepid Waters - Bird Names,Pop,train,6793,29.988571,17,acestep|audioldm|brev|diffrhythm|elevenlabs|mubert|musicgen|producer|songgen|stableaudio|suno|udio
grp_040350d9b464,KOMFORT - voyageurs,Rock,train,42772,30.014694,16,acestep|audioldm|brev|diffrhythm|elevenlabs|mubert|musicgen|producer|songgen|stableaudio|suno|udio
grp_0b3d947ef5a7,Where Is Everything - The Moi Non Plus,Rock,train,4384,30.014694,15,acestep|audioldm|brev|diffrhythm|elevenlabs|mubert|musicgen|producer|songgen|suno|udio
grp_0d53039b6380,Mosque - Sarin,Rock,train,113660,30.014694,6,acestep|audioldm|diffrhythm|musicgen|songgen|stableaudio
grp_0f832f86f001,March of the GPA Mechanics - [t]ghost,Rock,train,149755,30.014694,16,acestep|audioldm|brev|diffrhythm|elevenlabs|mubert|musicgen|producer|songgen|stableaudio|suno|udio
grp_138ca513c0f5,Beyond Luxury - Mors Ontologica,Rock,train,4003,30.014694,6,acestep|audioldm|diffrhythm|musicgen|songgen|stableaudio
grp_1b83190c786f,Mettle - Pipe Choir,Rock,train,129972,30.014694,16,acestep|audioldm|brev|diffrhythm|elevenlabs|mubert|musicgen|producer|songgen|stableaudio|suno|udio
grp_1ebc4be7ec34,Empty Pockets - Pete Prodoehl,Rock,train,118055,29.988571,16,acestep|audioldm|brev|diffrhythm|elevenlabs|mubert|musicgen|producer|songgen|stableaudio|suno|udio
grp_243079a50db8,Who Loves You Dear - Mink Lungs,Rock,train,3936,29.988571,16,acestep|audioldm|brev|diffrhythm|elevenlabs|mubert|musicgen|producer|songgen|stableaudio|suno|udio
grp_2a21c42f7b6b,Lady Love - Parsley Flakes,Rock,train,1382,29.988571,6,acestep|audioldm|diffrhythm|musicgen|songgen|stableaudio
grp_2e0f6b5bb0fd,Leaving Here - Mod Fun,Rock,train,3971,29.988571,5,acestep|audioldm|diffrhythm|musicgen|songgen
grp_300c58ec40c0,I Close My Eyes - Miss Derringer,Rock,train,3959,29.988571,6,acestep|audioldm|diffrhythm|musicgen|songgen|stableaudio
grp_34229dac36b6,Windows of the Skull (Alternate Version) - Sarin,Rock,train,113529,30.014694,8,acestep|audioldm|diffrhythm|musicgen|songgen|stableaudio
grp_37fc8d69b89a,Take It All - Mod Fun,Rock,train,3963,30.014694,5,acestep|audioldm|diffrhythm|musicgen|songgen
grp_3c291cf0b4b9,В Наших Сердцах - Чокнутый Пропеллер,Rock,train,102183,30.014694,5,acestep|audioldm|stableaudio
grp_3deab5a58ff1,Forest Silence - Serpentarivm,Rock,train,149695,29.988571,16,acestep|audioldm|brev|diffrhythm|elevenlabs|mubert|musicgen|producer|songgen|stableaudio|suno|udio
grp_43c59849788d,Crossing - Los Llamarada,Rock,train,28753,29.988571,16,acestep|audioldm|brev|diffrhythm|elevenlabs|mubert|musicgen|producer|songgen|stableaudio|suno|udio
grp_447b5792b0d3,Новый Нью-Йорк 2 - Чокнутый Пропеллер,Rock,train,102179,30.014694,13,acestep|audioldm|brev|elevenlabs|mubert|musicgen|producer|suno|udio
grp_49c00cc38853,Natron Queen - AmortE,Rock,train,36706,29.988571,5,acestep|audioldm|diffrhythm|musicgen|songgen
grp_50f348150acb,Don't want to be your man - Frigg A Go Go (F.A.G.G.),Rock,train,5289,29.988571,6,acestep|audioldm|diffrhythm|musicgen|songgen|stableaudio
grp_556cf31913cf,Electric Girlfriend - The Zombie Dandies,Rock,train,147380,29.988571,6,acestep|audioldm|diffrhythm|musicgen|songgen|stableaudio
grp_569f470a69dc,L'arbre - Salmo,Rock,train,122680,29.988571,5,acestep|audioldm|diffrhythm|musicgen|songgen
grp_58d76ac098dd,The Dawn - The One They Fear,Rock,train,145607,30.014694,6,acestep|audioldm|diffrhythm|musicgen|songgen|stableaudio
grp_5b01ad9a2588,Кортни Лав - Чокнутый Пропеллер,Rock,train,102188,29.988571,2,acestep|audioldm
grp_5d24b8aa8a74,Bergwald Bergwald - Every Now and Every Then,Rock,train,138061,29.988571,6,acestep|audioldm|diffrhythm|musicgen|songgen|stableaudio
grp_5e21724fd4ae,Rumble - Railkid Station,Rock,train,94338,30.014694,5,acestep|audioldm|diffrhythm|musicgen|songgen
grp_63c7141fa718,Scramby Eggs - Andy G. Cohen,Rock,train,126300,29.988571,16,acestep|audioldm|brev|diffrhythm|elevenlabs|mubert|musicgen|producer|songgen|stableaudio|suno|udio
grp_64a495928179,Enemy - Modey Lemon,Rock,train,3976,29.988571,5,acestep|audioldm|diffrhythm|musicgen|songgen
grp_66d525442c83,Insectlaration of Independence - Punk Rock Opera,Rock,train,149413,29.988571,6,acestep|audioldm|diffrhythm|musicgen|songgen|stableaudio
grp_67b003230374,Apparitions Under Glass - Sarin,Rock,train,113526,29.988571,6,acestep|audioldm|diffrhythm|musicgen|songgen|stableaudio
grp_690bc409fbdc,Gloomy Sunday - AmortE,Rock,train,36708,29.988571,5,acestep|audioldm|diffrhythm|musicgen|songgen
grp_6aa501572aa3,Burn - Room For A Ghost,Rock,train,61491,29.988571,6,acestep|audioldm|diffrhythm|musicgen|songgen|stableaudio
grp_701299c1ced8,Wir Werden Gott - Japanische Kampfhorspiele,Rock,train,6777,29.988571,16,acestep|audioldm|brev|diffrhythm|elevenlabs|mubert|musicgen|producer|songgen|stableaudio|suno|udio
grp_72d2f883bd07,1984 - Punk Rock Opera,Rock,train,149410,30.014694,13,acestep|audioldm|brev|diffrhythm|elevenlabs|mubert|musicgen|producer|songgen|stableaudio|suno|udio
grp_72e16dfdb6b2,Demolition - Michett,Rock,train,130608,30.014694,6,acestep|audioldm|diffrhythm|musicgen|songgen|stableaudio
grp_7763fcae92c6,"Head of Ancante, Talking Tree - Ak'chamel, The Giver of Illness",Rock,train,135209,30.014694,16,acestep|audioldm|brev|diffrhythm|elevenlabs|mubert|musicgen|producer|songgen|stableaudio|suno|udio
grp_78f391a3df8c,I Fell - Mod Fun,Rock,train,3962,29.988571,15,acestep|audioldm|brev|diffrhythm|elevenlabs|mubert|musicgen|producer|songgen|suno|udio
grp_79c18ea9e50d,Mountain Mist - Modey Lemon,Rock,train,3974,29.988571,15,acestep|audioldm|brev|diffrhythm|elevenlabs|mubert|musicgen|producer|songgen|suno|udio
grp_7add4dea442c,Moja Krypta - AmortE,Rock,train,36707,30.014694,5,acestep|audioldm|diffrhythm|musicgen|songgen
grp_8af5a0ecec8f,Robocall - Legally Blind,Rock,train,130403,30.014694,16,acestep|audioldm|brev|diffrhythm|elevenlabs|mubert|musicgen|producer|songgen|stableaudio|suno|udio
grp_8b8a991bc0d7,Stuttgart - Portrayal,Rock,train,147951,30.014694,16,acestep|audioldm|brev|diffrhythm|elevenlabs|mubert|musicgen|producer|songgen|stableaudio|suno|udio
grp_8f668402ef37,I'm gonna try to reach - Los Llamarada,Rock,train,28763,29.988571,6,acestep|audioldm|diffrhythm|musicgen|songgen|stableaudio
grp_94e67ffa3d9c,Breathe New Life - Scott Holmes,Rock,train,114396,29.988571,5,acestep|audioldm|diffrhythm|musicgen|songgen
grp_974c544610a5,"6 (Coat of Arms, Close) - Isle of Pine",Rock,train,66446,29.988571,6,acestep|audioldm|diffrhythm|musicgen|songgen|stableaudio
grp_982f9c644eeb,Shipwrecked Crew - Pete Prodoehl,Rock,train,118053,30.014694,6,acestep|audioldm|diffrhythm|musicgen|songgen|stableaudio
grp_98b7abe28eee,A Dark Blue Arc - Pipe Choir,Rock,train,129963,30.014694,6,acestep|audioldm|diffrhythm|musicgen|songgen|stableaudio
grp_99ba373d9e86,I - Inflammator,Rock,train,141892,29.988571,15,acestep|audioldm|brev|diffrhythm|elevenlabs|mubert|musicgen|producer|songgen|suno|udio
grp_9e50961152d6,Half a Doubt - Droopies,Rock,train,127558,29.988571,6,acestep|audioldm|diffrhythm|musicgen|songgen|stableaudio
grp_9e631b2d6a87,The Monster Mash/Ya Look Fantastic - The Crypts!,Rock,train,131178,29.988571,6,acestep|audioldm|diffrhythm|musicgen|songgen|stableaudio
grp_a34a41c6f814,Redlight - Room For A Ghost,Rock,train,61493,29.988571,6,acestep|audioldm|diffrhythm|musicgen|songgen|stableaudio
grp_a35f41296fb2,Versailles - Pierce Murphy,Rock,train,121769,29.988571,6,acestep|audioldm|diffrhythm|musicgen|songgen|stableaudio
grp_a592851f16b8,A Lady In Red With A Plan To Steal - Did You Just Hex Me?,Rock,train,74910,30.014694,6,acestep|audioldm|diffrhythm|musicgen|songgen|stableaudio
grp_a92cab15abea,Digital Lightning - Cloudkicker,Rock,train,112315,30.014694,16,acestep|audioldm|brev|diffrhythm|elevenlabs|mubert|musicgen|producer|songgen|stableaudio|suno|udio
grp_a9d6fa75d49b,2 (Wasn't There) - Isle of Pine,Rock,train,66449,30.014694,16,acestep|audioldm|brev|diffrhythm|elevenlabs|mubert|musicgen|producer|songgen|stableaudio|suno|udio
grp_abab95958960,Snakefirewalking - Los Llamarada,Rock,train,28756,29.988571,16,acestep|audioldm|brev|diffrhythm|elevenlabs|mubert|musicgen|producer|songgen|stableaudio|suno|udio
grp_aed6ae4362f4,Roland Garros 2048 - Zoliborz,Rock,train,115761,30.014694,16,acestep|audioldm|brev|diffrhythm|elevenlabs|mubert|musicgen|producer|songgen|stableaudio|suno|udio
grp_b03a38404f19,Infinite Light - Pipe Choir,Rock,train,129968,29.988571,16,acestep|audioldm|brev|diffrhythm|elevenlabs|mubert|musicgen|producer|songgen|stableaudio|suno|udio
grp_b385d1058e55,Sheffield Hall - Andy G. Cohen,Rock,train,126294,29.988571,6,acestep|audioldm|diffrhythm|musicgen|songgen|stableaudio
grp_b576fc43e192,Terve Teille - Чокнутый Пропеллер,Rock,train,102190,29.988571,15,acestep|audioldm|brev|diffrhythm|elevenlabs|mubert|musicgen|producer|songgen|suno|udio
grp_b6cee92594da,KISS my Boots - The Zombie Dandies,Rock,train,147416,29.988571,6,acestep|audioldm|diffrhythm|musicgen|songgen|stableaudio
grp_bcdedd84052a,Formic Acid for Blood - Punk Rock Opera,Rock,train,149414,30.014694,16,acestep|audioldm|brev|diffrhythm|elevenlabs|mubert|musicgen|producer|songgen|stableaudio|suno|udio
grp_be8aa259cbae,I Dream So Vividly - Uninhabitable Mansions,Rock,train,5148,29.988571,16,acestep|audioldm|brev|diffrhythm|elevenlabs|mubert|musicgen|producer|songgen|stableaudio|suno|udio
grp_c44b3ce1cfa4,The girl just faded - Los Llamarada,Rock,train,28752,29.988571,16,acestep|audioldm|brev|diffrhythm|elevenlabs|mubert|musicgen|producer|songgen|stableaudio|suno|udio
grp_c74cf4d66237,We Move in Waves - Modey Lemon,Rock,train,3984,29.988571,15,acestep|audioldm|brev|diffrhythm|elevenlabs|mubert|musicgen|producer|songgen|suno|udio
grp_c77ec2f545fd,"50,000 Volts of Democracy mp3 - Legally Blind",Rock,train,130401,30.014694,6,acestep|audioldm|diffrhythm|musicgen|songgen|stableaudio
grp_c808970b5a0d,Voxel - Andy G. Cohen,Rock,train,126296,29.988571,16,acestep|audioldm|brev|diffrhythm|elevenlabs|mubert|musicgen|producer|songgen|stableaudio|suno|udio
grp_d3cbfd43629d,I Can See Everything - Mod Fun,Rock,train,3961,30.014694,6,acestep|audioldm|diffrhythm|musicgen|songgen|stableaudio
grp_e0de7000a897,Lights Up - Pipe Choir,Rock,train,129962,29.988571,6,acestep|audioldm|diffrhythm|musicgen|songgen|stableaudio
grp_e26aace73581,Ynkelig - Die Morgendammerung Des Valhalla,Rock,train,149711,30.014694,16,acestep|audioldm|brev|diffrhythm|elevenlabs|mubert|musicgen|producer|songgen|stableaudio|suno|udio
grp_e4f5d5fecfa6,Sonzis FM - Pipe Choir,Rock,train,129969,30.014694,6,acestep|audioldm|diffrhythm|musicgen|songgen|stableaudio
grp_ebb2347aadd3,Sfogare Il Dissenso - Deiezione HC,Rock,train,148889,30.014694,16,acestep|audioldm|brev|diffrhythm|elevenlabs|mubert|musicgen|producer|songgen|stableaudio|suno|udio
grp_eceb97721699,Fear - Los Fancy Free,Rock,train,3857,29.988571,5,acestep|audioldm|diffrhythm|musicgen|songgen
grp_eeed7ca5399d,Black Panda - The Crypts!,Rock,train,131153,30.014694,6,acestep|audioldm|diffrhythm|musicgen|songgen|stableaudio
grp_f0d4b5730601,5 (Lexington) - Isle of Pine,Rock,train,66445,30.014694,6,acestep|audioldm|diffrhythm|musicgen|songgen|stableaudio
grp_f3b955317695,Track 04 - Lightning Bolt,Rock,train,3836,30.014694,15,acestep|audioldm|brev|diffrhythm|elevenlabs|mubert|musicgen|producer|songgen|suno|udio
grp_f533775cfe1b,Happy - Lamprey,Rock,train,135370,30.014694,5,acestep|audioldm|diffrhythm|musicgen|songgen
grp_f5f99060bbd5,The Contract - The IMG,Rock,train,129262,29.988571,16,acestep|audioldm|brev|diffrhythm|elevenlabs|mubert|musicgen|producer|songgen|stableaudio|suno|udio
grp_f6d454948637,Untitled - Fatal Injection,Rock,train,140149,30.014694,6,acestep|audioldm|diffrhythm|musicgen|songgen|stableaudio
grp_f73f99366b36,Hisko Detria - Hisko Detria,Rock,train,67162,30.014694,6,acestep|audioldm|diffrhythm|musicgen|songgen|stableaudio
grp_0bb37b1bc037,Loved Ones - Rowan Box,Electronic,validation,148802,29.988571,5,acestep|audioldm|diffrhythm|musicgen|songgen
grp_18d056af1770,"10,000 People Chanting, ""I'm an Individual"" - Nihilore",Electronic,validation,140932,29.988571,5,acestep|audioldm|diffrhythm|musicgen|songgen
grp_39ba159a240b,Pista Afuera - Epstein,Electronic,validation,24919,30.014694,16,acestep|audioldm|brev|diffrhythm|elevenlabs|mubert|musicgen|producer|songgen|stableaudio|suno|udio
grp_521c33c2e240,Ugly - Vienna Ditto,Electronic,validation,107613,29.988571,5,acestep|audioldm|diffrhythm|musicgen|songgen
grp_6533b49fc067,Three Bird - My brother Daniel,Electronic,validation,117282,29.988571,5,acestep|audioldm|diffrhythm|musicgen|songgen
grp_7c0d49ac6da7,Liar Liar Quietly - Vienna Ditto,Electronic,validation,147299,30.014694,5,acestep|audioldm|diffrhythm|musicgen|songgen
grp_7ebb860f0a51,Rolling On - Avaren,Electronic,validation,112373,29.988571,5,acestep|audioldm|diffrhythm|musicgen|songgen
grp_7f21a40a12f4,Dreams - ENDRUDARK,Electronic,validation,89814,30.014694,5,acestep|audioldm|diffrhythm|musicgen|songgen
grp_8e4c92f52bec,When I Was Taller - Dan Deacon,Electronic,validation,4701,30.014694,16,acestep|audioldm|brev|diffrhythm|elevenlabs|mubert|musicgen|producer|songgen|stableaudio|suno|udio
grp_a4864fedd7f9,Topam - Twin Heads,Electronic,validation,143126,29.988571,5,acestep|audioldm|diffrhythm|musicgen|songgen
grp_a7504cc659d6,Yurtology - Michett,Electronic,validation,130137,29.988571,5,acestep|audioldm|diffrhythm|musicgen|songgen
grp_adf2a5ad2f01,End titles - Itsensäsyöjät,Electronic,validation,154926,30.014694,5,acestep|audioldm|diffrhythm|musicgen|songgen
grp_b6e5b3e35e9e,Tartu Tähän Hetkeen - Paavoharju,Electronic,validation,31566,30.014694,5,acestep|audioldm|diffrhythm|musicgen|songgen
grp_d48102df0ccb,Empower Thee - vargero,Electronic,validation,71505,30.014694,16,acestep|audioldm|brev|diffrhythm|elevenlabs|mubert|musicgen|producer|songgen|stableaudio|suno|udio
grp_ddce4a719434,OOOTHERSIDE - Liquid Paper - Mike B. Fort,Electronic,validation,142080,30.014694,16,acestep|audioldm|brev|diffrhythm|elevenlabs|mubert|musicgen|producer|songgen|stableaudio|suno|udio
grp_f62876d637a8,Slot - Neotnas,Electronic,validation,33601,29.988571,5,acestep|audioldm|diffrhythm|musicgen|songgen
grp_f98dbbd8fac6,Take Your Fingers - Michael Fakesch,Electronic,validation,33594,30.014694,16,acestep|audioldm|brev|diffrhythm|elevenlabs|mubert|musicgen|producer|songgen|stableaudio|suno|udio
grp_f9f78e50e40a,Ugh! Humans Can Join - Mystery Mammal,Electronic,validation,143059,29.988571,16,acestep|audioldm|brev|diffrhythm|elevenlabs|mubert|musicgen|producer|songgen|stableaudio|suno|udio
grp_003e4e10ddf9,We Are Canucks - David Blair,Pop,validation,86634,29.988571,16,acestep|audioldm|brev|diffrhythm|elevenlabs|mubert|musicgen|producer|songgen|stableaudio|suno|udio
grp_12bb40f8f41a,Stockholm Syndrome / People Should Be More Aware - Bird Names,Pop,validation,6795,29.988571,17,acestep|audioldm|brev|diffrhythm|elevenlabs|mubert|musicgen|producer|songgen|stableaudio|suno|udio
grp_25f703acf582,Food and War - Ergo Phizmiz,Pop,validation,22473,30.014694,16,acestep|audioldm|brev|diffrhythm|elevenlabs|mubert|musicgen|producer|songgen|stableaudio|suno|udio
grp_3d38917bf732,Something Dirty - Ergo Phizmiz,Pop,validation,22478,30.014694,16,acestep|audioldm|brev|diffrhythm|elevenlabs|mubert|musicgen|producer|songgen|stableaudio|suno|udio
grp_74000523d39a,El Burrito - Malaventura,Pop,validation,113021,30.014694,6,acestep|audioldm|diffrhythm|musicgen|songgen|stableaudio
grp_8a6f27536752,The Reality Machine - Monroeville Music Center,Pop,validation,91161,30.014694,17,acestep|audioldm|brev|diffrhythm|elevenlabs|mubert|musicgen|producer|songgen|stableaudio|suno|udio
grp_d6b62fe5936e,Busby Berkeley - Ergo Phizmiz,Pop,validation,22472,30.014694,16,acestep|audioldm|brev|diffrhythm|elevenlabs|mubert|musicgen|producer|songgen|stableaudio|suno|udio
grp_e5cdace5e035,"First Glance - Oh Yeah, the Future",Pop,validation,127296,30.014694,14,acestep|brev|diffrhythm|elevenlabs|musicgen|producer|songgen|stableaudio|suno|udio
grp_fbb085127650,"Snowday - Oh Yeah, the Future",Pop,validation,127303,30.014694,5,acestep|audioldm|diffrhythm|musicgen|songgen
grp_fbdc7ec3decb,Norweigian Wood II - Bird Names,Pop,validation,6791,29.988571,16,acestep|audioldm|brev|diffrhythm|elevenlabs|mubert|musicgen|producer|songgen|stableaudio|suno|udio
grp_0a217462029e,Soul of the Demon - Zombie Raiders,Rock,validation,37147,29.988571,16,acestep|audioldm|brev|diffrhythm|elevenlabs|mubert|musicgen|producer|songgen|stableaudio|suno|udio
grp_11a7b94ccdaf,Johnny I Lie - The Moi Non Plus,Rock,validation,4383,29.988571,15,acestep|audioldm|brev|diffrhythm|elevenlabs|mubert|musicgen|producer|songgen|suno|udio
grp_14f0d5325d25,Lost Paradise - Autumn Interlude,Rock,validation,149488,30.014694,16,acestep|audioldm|brev|diffrhythm|elevenlabs|mubert|musicgen|producer|songgen|stableaudio|suno|udio
grp_70cf990647e6,Gila Monster Flop/Music History Lesson:The Sonics - The Crypts!,Rock,validation,131168,29.988571,16,acestep|audioldm|brev|diffrhythm|elevenlabs|mubert|musicgen|producer|songgen|stableaudio|suno|udio
grp_717fec7a989c,Nose - DUSTdevils,Rock,validation,26730,30.014694,16,acestep|audioldm|brev|diffrhythm|elevenlabs|mubert|musicgen|producer|songgen|stableaudio|suno|udio
grp_7f2193cd8714,Liberation is not Easy - Frigg A Go Go (F.A.G.G.),Rock,validation,5285,29.988571,6,acestep|audioldm|diffrhythm|musicgen|songgen|stableaudio
grp_81d22f6f83f2,Puertas de Fuego - Guerra de Cerdos,Rock,validation,121253,29.988571,6,acestep|audioldm|diffrhythm|musicgen|songgen|stableaudio
grp_84679b629d03,Niche Dreams - Square People,Rock,validation,75787,30.014694,5,acestep|audioldm|diffrhythm|musicgen|songgen
grp_86f161359581,Love Dream - The Zombie Dandies,Rock,validation,147377,29.988571,16,acestep|audioldm|brev|diffrhythm|elevenlabs|mubert|musicgen|producer|songgen|stableaudio|suno|udio
grp_878c122b1357,Five 40 Derby/Slow Whistle - The Crypts!,Rock,validation,131164,29.988571,6,acestep|audioldm|diffrhythm|musicgen|songgen|stableaudio
grp_8f31a8079de3,Sea Monster - The Crypts!,Rock,validation,131122,30.014694,15,acestep|audioldm|brev|diffrhythm|elevenlabs|mubert|musicgen|producer|songgen|suno|udio
grp_9076a7f7bdc7,Dr. Bodysnatcher - Modey Lemon,Rock,validation,3988,29.988571,5,acestep|audioldm|diffrhythm|musicgen|songgen
grp_a52947fc22a1,LIQUID SKULLS - voyageurs,Rock,validation,42787,29.988571,16,acestep|audioldm|brev|diffrhythm|elevenlabs|mubert|musicgen|producer|songgen|stableaudio|suno|udio
grp_afc0e01abba2,Eyes Getting Louder - Mod Fun,Rock,validation,3966,29.988571,6,acestep|audioldm|diffrhythm|musicgen|songgen|stableaudio
grp_c6bb8060b62d,Hahaha - The Moi Non Plus,Rock,validation,4385,29.988571,5,acestep|audioldm|diffrhythm|musicgen|songgen
grp_da3f8cd0ed27,I - Nocturnal Mayhem,Rock,validation,141877,29.988571,16,acestep|audioldm|brev|diffrhythm|elevenlabs|mubert|musicgen|producer|songgen|stableaudio|suno|udio
grp_eeb13cbb62dd,Cassie Lace - The Zombie Dandies,Rock,validation,147384,30.014694,6,acestep|audioldm|diffrhythm|musicgen|songgen|stableaudio
grp_0d51de8c089d,mystery team 2090 - Jesse Futerman,Electronic,test,40485,29.988571,16,acestep|audioldm|brev|diffrhythm|elevenlabs|mubert|musicgen|producer|songgen|stableaudio|suno|udio
grp_1db6bb2ea6ff,Bizzy - The Tleilaxu Music Machine,Electronic,test,1881,29.988571,5,acestep|audioldm|diffrhythm|musicgen|songgen
grp_24ae70892ed5,Z-Saber (feat Jake Allison) - Decktonic,Electronic,test,72073,29.988571,4,acestep|audioldm|musicgen|songgen
grp_2717e07ca6be,Resistentialism - Nihilore,Electronic,test,132443,30.014694,16,acestep|audioldm|brev|diffrhythm|elevenlabs|mubert|musicgen|producer|songgen|stableaudio|suno|udio
grp_2e25f00bb041,Enthalpy - Rolemusic,Electronic,test,108855,30.014694,5,acestep|audioldm|diffrhythm|musicgen|songgen
grp_2f63afb13d01,Only Instrumental - Broke For Free,Electronic,test,42372,30.014694,16,acestep|audioldm|brev|diffrhythm|elevenlabs|mubert|musicgen|producer|songgen|stableaudio|suno|udio
grp_56ecc6381ac5,As Nihilism Gives Way To Existentialism - Nihilore,Electronic,test,134148,30.014694,5,acestep|audioldm|diffrhythm|musicgen|songgen
grp_678678f9cdd4,Variations - Decktonic,Electronic,test,72070,29.988571,2,audioldm|musicgen
grp_7fbd4e6150ee,Autobahn - S-B-J,Electronic,test,137049,29.988571,16,acestep|audioldm|brev|diffrhythm|elevenlabs|mubert|musicgen|producer|songgen|stableaudio|suno|udio
grp_81869ed23e67,The Boss - Multifaros,Electronic,test,15770,29.988571,5,acestep|audioldm|diffrhythm|musicgen|songgen
grp_8b163fdb1c5d,Seppuku Bot - Decktonic,Electronic,test,87842,29.988571,16,acestep|audioldm|brev|diffrhythm|elevenlabs|mubert|musicgen|producer|songgen|stableaudio|suno|udio
grp_924974b40cb9,A Different World By Night - Nihilore,Electronic,test,140926,29.988571,5,acestep|audioldm|diffrhythm|musicgen|songgen
grp_af58ba19eebd,Cloudy - Subway Sonicbeat,Electronic,test,71506,30.014694,5,acestep|audioldm|diffrhythm|musicgen|songgen
grp_b17d03130c18,Liberosis - Nihilore,Electronic,test,132445,30.014694,5,acestep|audioldm|diffrhythm|musicgen|songgen
grp_d33597712057,End of the Line - H-LR,Electronic,test,145916,29.988571,6,acestep|audioldm|diffrhythm|musicgen|songgen|stableaudio
grp_d6c0cde68da7,Acoustic Unleashed - Remain,Electronic,test,141875,29.988571,16,acestep|audioldm|brev|diffrhythm|elevenlabs|mubert|musicgen|producer|songgen|stableaudio|suno|udio
grp_d91b8e196d25,Sturgeon's Law - Nihilore,Electronic,test,145818,30.014694,5,acestep|audioldm|diffrhythm|musicgen|songgen
grp_f1b9bd89dd00,Fly 2 - Andre Jetson,Electronic,test,152326,29.988571,5,acestep|audioldm|diffrhythm|musicgen|songgen
grp_2c0c06b6bba9,The Queen - Malaventura,Pop,test,113027,30.014694,6,acestep|audioldm|diffrhythm|musicgen|songgen|stableaudio
grp_3bd6e8945065,Polinesia - Malaventura,Pop,test,113020,30.014694,6,acestep|audioldm|diffrhythm|musicgen|songgen|stableaudio
grp_4fee7afc91b2,Roller Star - Monroeville Music Center,Pop,test,91164,30.014694,16,acestep|audioldm|brev|diffrhythm|elevenlabs|mubert|musicgen|producer|songgen|stableaudio|suno|udio
grp_5d4c2635966a,Convicted Jazz Drones - Malaventura,Pop,test,113028,29.988571,16,acestep|audioldm|brev|diffrhythm|elevenlabs|mubert|musicgen|producer|songgen|stableaudio|suno|udio
grp_64a7dcdc618e,Evil Cannot Create - Caleb Lemond,Pop,test,135341,29.988571,16,acestep|audioldm|brev|diffrhythm|elevenlabs|mubert|musicgen|producer|songgen|stableaudio|suno|udio
grp_76918bcaa743,The Sandman - Ergo Phizmiz,Pop,test,22481,29.988571,6,acestep|audioldm|diffrhythm|musicgen|songgen|stableaudio
grp_809a87ba8bcb,Production - Bird Names,Pop,test,6796,29.988571,6,acestep|audioldm|diffrhythm|musicgen|songgen|stableaudio
grp_9eb9b32a582c,The Dream and the Dreamer - Caleb Lemond,Pop,test,135337,30.014694,16,acestep|audioldm|brev|diffrhythm|elevenlabs|mubert|musicgen|producer|songgen|stableaudio|suno|udio
grp_b87a27275097,John the Baby - Ergo Phizmiz,Pop,test,22474,30.014694,16,acestep|audioldm|brev|diffrhythm|elevenlabs|mubert|musicgen|producer|songgen|stableaudio|suno|udio
grp_f79b3a6c0bc6,Troubles I've seen - Malaventura,Pop,test,113018,30.014694,17,acestep|audioldm|brev|diffrhythm|elevenlabs|mubert|musicgen|producer|songgen|stableaudio|suno|udio
grp_0052ea5afb6e,Attention - Pete Prodoehl,Rock,test,118048,29.988571,16,acestep|audioldm|brev|diffrhythm|elevenlabs|mubert|musicgen|producer|songgen|stableaudio|suno|udio
grp_1bc3161b9edd,WET DREAMS - voyageurs,Rock,test,42770,29.988571,6,acestep|audioldm|diffrhythm|musicgen|songgen|stableaudio
grp_2feebdb27e1a,Moontime - The IMG,Rock,test,129265,29.988571,6,acestep|audioldm|diffrhythm|musicgen|songgen|stableaudio
grp_3f782d4c6d0b,One Eyed Ghost/This is gonna be a rough show - The Crypts!,Rock,test,131160,29.988571,16,acestep|audioldm|brev|diffrhythm|elevenlabs|mubert|musicgen|producer|songgen|stableaudio|suno|udio
grp_4826d605734d,Stranger - Frigg A Go Go (F.A.G.G.),Rock,test,5287,30.014694,16,acestep|audioldm|brev|diffrhythm|elevenlabs|mubert|musicgen|producer|songgen|stableaudio|suno|udio
grp_855e1d1409b7,Transmit - Lamprey,Rock,test,147709,29.988571,15,acestep|audioldm|brev|diffrhythm|elevenlabs|mubert|musicgen|producer|songgen|suno|udio
grp_8dc5671826f4,Millitary Industrial Complex - Punk Rock Opera,Rock,test,149416,29.988571,16,acestep|audioldm|brev|diffrhythm|elevenlabs|mubert|musicgen|producer|songgen|stableaudio|suno|udio
grp_97427e5819ac,We Misplaced A Cobra In the Uninhabitable Mansions - Uninhabitable Mansions,Rock,test,5149,29.988571,6,acestep|audioldm|diffrhythm|musicgen|songgen|stableaudio
grp_a19b6ac9b73b,Reagan Shut Down the Asylums - Punk Rock Opera,Rock,test,149406,29.988571,6,acestep|audioldm|diffrhythm|musicgen|songgen|stableaudio
grp_a23dc4ed91cc,Better Run Away From Me - Miss Derringer,Rock,test,3956,30.014694,6,acestep|audioldm|diffrhythm|musicgen|songgen|stableaudio
grp_a5765a718147,Roach-Man - Punk Rock Opera,Rock,test,149405,30.014694,16,acestep|audioldm|brev|diffrhythm|elevenlabs|mubert|musicgen|producer|songgen|stableaudio|suno|udio
grp_d86bc2c60c90,Colossal Stillness - Scott Holmes,Rock,test,114404,30.014694,17,acestep|audioldm|brev|diffrhythm|elevenlabs|mubert|musicgen|producer|songgen|stableaudio|suno|udio
grp_eb39b1652380,Fridge - Railkid Station,Rock,test,94342,30.014694,5,acestep|audioldm|diffrhythm|musicgen|songgen
grp_efd937079e9d,Windows of the Skull - Sarin,Rock,test,113524,29.988571,14,audioldm|brev|diffrhythm|elevenlabs|mubert|musicgen|producer|songgen|suno|udio
grp_f0321daae9f4,Глазами Детей - Чокнутый Пропеллер,Rock,test,98077,30.014694,3,acestep|audioldm|stableaudio
grp_ffdef0c83d9e,Wake Up - The Moi Non Plus,Rock,test,4389,29.988571,5,acestep|audioldm|diffrhythm|musicgen|songgen
